{"stat.useItem.minecraft.bow":2,"stat.useItem.ultimate_unicorn_mod.diamond_kings_lance":8,"stat.pickup.minecraft.bone":8,"stat.pickup.cfm.ceiling_fan":1,"stat.recordPlayed":8,"stat.pickup.minecraft.redstone_torch":3,"stat.leaveGame":4,"stat.pickup.noel.mug_milk":64,"stat.pickup.minecraft.arrow":4,"stat.pickup.ultimate_unicorn_mod.spirit_tree_sapling_block":1,"stat.useItem.ultimate_unicorn_mod.wooden_lance":2,"stat.pickup.noel.ornament_diamond":1,"stat.useItem.minecraft.diamond_sword":70,"stat.pickup.christmasfestivity.biscuits_snowman":26,"stat.pickup.christmasfestivity.garland_round":4,"stat.pickup.christmasfestivity.pink_christmas_present":1,"stat.pickup.christmasfestivity.santa_claus_block":1,"stat.jump":1751,"stat.swimOneCm":1705,"stat.fallOneCm":5557,"stat.pickup.ultimate_unicorn_mod.wooden_lance":1,"stat.pickup.minecraft.gunpowder":2,"stat.crouchOneCm":59398,"stat.pickup.noel.leggings_santa":1,"stat.drop.noel.spirit":1,"stat.pickup.christmasfestivity.candy_canes_block":1,"stat.pickup.minecraft.dirt":48,"stat.useItem.minecraft.dirt":27,"stat.pickup.noel.stocking":5,"stat.useItem.minecraft.stone_slab2":6266,"stat.pickup.minecraft.bow":1,"stat.pickup.noel.ribbon":1,"stat.useItem.minecraft.water_bucket":92,"stat.pickup.cfm.modern_window":1,"stat.pickup.minecraft.rotten_flesh":6,"stat.useItem.christmasfestivity.biscuits_snowman":12,"stat.pickup.cfm.fairy_light":4,"stat.pickup.christmasfestivity.brown_christmas_present":1,"stat.pickup.noel.advent_calendar":1,"stat.useItem.minecraft.golden_rail":18,"stat.damageTaken":391,"stat.pickup.cfm.door_bell_birch":1,"stat.pickup.noel.ornament_gold":1,"stat.pickup.noel.peppermint_log":1,"stat.noteblockTuned":50,"stat.useItem.christmasfestivity.garland_round":10,"stat.pickup.cfm.modern_light_off":1,"stat.flyOneCm":2613898,"stat.pickup.minecraft.wheat_seeds":1,"stat.pickup.christmasfestivity.blue_christmas_present":1,"stat.killEntity.Witch":1,"stat.pickup.noel.ornament_red":1,"stat.pickup.noel.ornament_redstone":1,"stat.useItem.cfm.counter":1,"stat.useItem.ultimate_unicorn_mod.diamond_fools_lance":29,"stat.killEntity.Villager":6,"stat.damageDealt":9335,"stat.pickup.noel.ornament_yellow":1,"stat.pickup.minecraft.redstone":2,"stat.mineBlock.cfm.modern_sliding_door":3,"stat.useItem.minecraft.snow_layer":21,"stat.timeSinceDeath":360150,"stat.useItem.noel.stocking":1,"stat.pickup.noel.present":1,"stat.useItem.minecraft.spawn_egg":9,"stat.pickup.christmasfestivity.red_christmas_present":1,"stat.pickup.christmasfestivity.jinglebells":1,"stat.pickup.christmasfestivity.marrychristmas":2,"stat.pickup.noel.warm_milk":63,"stat.pickup.cfm.shower_head_off":3,"stat.useItem.noel.hot_chocolate":1,"stat.walkOneCm":588802,"stat.playerKills":1,"stat.drop.minecraft.rotten_flesh":1,"stat.useItem.minecraft.log":143,"stat.drop.cfm.item_soap_water":1,"stat.killEntity.Creeper":5,"stat.pickup.cfm.counter_drawer":1,"stat.pickup.minecraft.log":5,"stat.pickup.minecraft.string":2,"stat.drop.christmasfestivity.biscuits_snowman":27,"stat.pickup.noel.present_trap":1,"stat.useItem.cfm.modern_window":3,"stat.pickup.christmasfestivity.little_snowman_blue":1,"stat.pickup.cfm.modern_sliding_door":3,"stat.pickup.minecraft.tipped_arrow":2,"stat.sprintOneCm":197682,"stat.useItem.minecraft.diamond_shovel":1,"stat.useItem.cfm.light_switch_off":15,"stat.killEntity.Stray":3,"stat.killEntity.Skeleton":2,"stat.useItem.ultimate_unicorn_mod.wand_of_fireball":1,"stat.useItem.carryon.tile_item":9,"stat.pickup.cfm.present":1,"stat.killEntity.Nightmare":1,"stat.useItem.minecraft.iron_sword":8,"stat.useItem.minecraft.snowball":111,"stat.killEntity.Spider":1,"stat.mobKills":24,"stat.pickup.noel.peppermint_planks":1,"stat.useItem.carryon.entity_item":3,"stat.pickup.minecraft.lever":1,"stat.useItem.noel.light_string":20,"stat.drop":30,"stat.pickup.noel.light_string":6,"stat.playOneMinute":360150,"stat.pickup.cfm.stone_path":10,"stat.pickup.christmasfestivity.christmas_bells":1,"stat.sneakTime":28329,"stat.pickup.cfm.light_switch_off":1,"stat.pickup.minecraft.glass_pane":1,"stat.killEntity.Zombie":3,"stat.pickup.minecraft.snowball":98,"stat.useItem.minecraft.wooden_axe":14,"stat.useItem.cfm.counter_drawer":7,"stat.pickup.noel.leggings_peppermint":1,"stat.pickup.minecraft.golden_rail":32,"stat.diveOneCm":535}