{"stat.walkOneCm":30128,"stat.pickup.minecraft.bone":2,"stat.leaveGame":4,"stat.jump":190,"stat.swimOneCm":53,"stat.fallOneCm":1463,"stat.crouchOneCm":1462,"stat.pickup.noel.leggings_santa":1,"stat.sprintOneCm":11611,"stat.useItem.minecraft.stone_slab2":2,"stat.useItem.ultimate_unicorn_mod.wand_of_fireball":1,"stat.useItem.carryon.tile_item":3,"stat.useItem.minecraft.snowball":36,"stat.mobKills":6,"stat.useItem.carryon.entity_item":3,"stat.flyOneCm":214021,"stat.pickup.minecraft.wheat_seeds":1,"stat.playOneMinute":30329,"stat.sneakTime":1427,"stat.useItem.ultimate_unicorn_mod.diamond_fools_lance":17,"stat.killEntity.Villager":6,"stat.damageDealt":2329,"stat.timeSinceDeath":30329,"stat.pickup.minecraft.snowball":13,"stat.useItem.minecraft.spawn_egg":2,"stat.diveOneCm":443}