{"stat.flyOneCm":116893,"stat.walkOneCm":14129,"stat.pickup.minecraft.wheat_seeds":1,"stat.jump":110,"stat.useItem.ultimate_unicorn_mod.wand_of_fireball":1,"stat.useItem.carryon.tile_item":3,"stat.playOneMinute":12606,"stat.fallOneCm":1463,"stat.leaveGame":2,"stat.sneakTime":641,"stat.damageDealt":159,"stat.crouchOneCm":314,"stat.timeSinceDeath":12606,"stat.pickup.noel.leggings_santa":1,"stat.pickup.minecraft.snowball":13,"stat.sprintOneCm":6139,"stat.useItem.minecraft.stone_slab2":2,"stat.useItem.minecraft.spawn_egg":2,"stat.useItem.carryon.entity_item":2}