{"stat.walkOneCm":492261,"stat.pickup.minecraft.bone":1,"stat.pickup.cfm.ceiling_fan":3,"stat.pickup.minecraft.redstone_torch":7,"stat.pickup.minecraft.wooden_axe":1,"stat.pickup.minecraft.bookshelf":1,"stat.leaveGame":2,"stat.drop.minecraft.bookshelf":2,"stat.useItem.minecraft.log":191,"stat.pickup.minecraft.wooden_pressure_plate":1,"stat.minecartOneCm":1625,"stat.pickup.minecraft.log":4,"stat.drop.biomesoplenty.white_sand":1,"stat.jump":4421,"stat.swimOneCm":1689,"stat.fallOneCm":209,"stat.useItem.minecraft.stone_axe":3,"stat.drop.minecraft.planks":3,"stat.crouchOneCm":203,"stat.drop.minecraft.egg":1,"stat.sprintOneCm":6715,"stat.useItem.minecraft.stone_slab2":1569,"stat.useItem.minecraft.redstone_ore":27,"stat.drop.minecraft.glass":1,"stat.pickup.minecraft.acacia_door":1,"stat.pickup.christmasfestivity.deckthehallsb":1,"stat.pickup.noel.spirit":1,"stat.useItem.minecraft.egg":9,"stat.drop.minecraft.concrete":4,"stat.mobKills":1,"stat.pickup.minecraft.planks":1,"stat.flyOneCm":568732,"stat.useItem.cfm.park_bench_birch":4,"stat.pickup.minecraft.concrete":2,"stat.drop":15,"stat.pickup.minecraft.wheat_seeds":1,"stat.pickup.minecraft.quartz_block":1,"stat.pickup.minecraft.egg":2,"stat.pickup.minecraft.potato":1,"stat.playOneMinute":163045,"stat.sneakTime":62,"stat.killEntity.Villager":1,"stat.drop.minecraft.quartz_block":2,"stat.damageDealt":524,"stat.pickup.cfm.item_soap_water":1,"stat.timeSinceDeath":163045,"stat.useItem.minecraft.wooden_axe":6,"stat.drop.minecraft.wooden_axe":1}