{"stat.pickup.minecraft.acacia_door":1,"stat.walkOneCm":23526,"stat.pickup.minecraft.wooden_axe":1,"stat.useItem.minecraft.egg":2,"stat.leaveGame":1,"stat.pickup.minecraft.wooden_pressure_plate":1,"stat.mobKills":1,"stat.flyOneCm":69737,"stat.drop":2,"stat.pickup.minecraft.wheat_seeds":1,"stat.jump":94,"stat.pickup.minecraft.egg":2,"stat.swimOneCm":1689,"stat.pickup.minecraft.potato":1,"stat.playOneMinute":9956,"stat.fallOneCm":209,"stat.sneakTime":10,"stat.useItem.minecraft.stone_axe":3,"stat.killEntity.Villager":1,"stat.damageDealt":420,"stat.crouchOneCm":54,"stat.timeSinceDeath":9956,"stat.useItem.minecraft.wooden_axe":6,"stat.drop.minecraft.egg":1,"stat.sprintOneCm":160,"stat.drop.minecraft.wooden_axe":1}