{"stat.useItem.minecraft.bow":3,"stat.pickup.minecraft.redstone_torch":1,"stat.pickup.minecraft.sign":1,"stat.pickup.christmasfestivity.snowman_block_cyan":1,"stat.leaveGame":5,"stat.pickup.minecraft.arrow":2,"stat.pickup.minecraft.iron_sword":1,"stat.drop.minecraft.gunpowder":2,"stat.pickup.minecraft.wooden_pressure_plate":3,"stat.useItem.ultimate_unicorn_mod.wooden_lance":1,"stat.pickup.cfm.park_bench_birch":1,"stat.pickup.christmasfestivity.biscuits_snowman":1,"stat.pickup.christmasfestivity.garland_round":1,"stat.useItem.minecraft.potion":3,"stat.jump":833,"stat.swimOneCm":3214,"stat.useItem.minecraft.planks":17,"stat.fallOneCm":2292,"stat.drop.cfm.modern_light_off":1,"stat.pickup.minecraft.gunpowder":2,"stat.crouchOneCm":4852,"stat.pickup.minecraft.rail":1,"stat.pickup.minecraft.spider_eye":1,"stat.pickup.minecraft.dirt":1,"stat.useItem.minecraft.dirt":13,"stat.pickup.minecraft.painting":4,"stat.pickup.minecraft.red_mushroom":1,"stat.useItem.minecraft.stone_slab2":2445,"stat.pickup.minecraft.rotten_flesh":1,"stat.useItem.christmasfestivity.biscuits_snowman":1,"stat.pickup.minecraft.gold_ore":66,"stat.damageTaken":440,"stat.pickup.cfm.upgraded_gate_oak":1,"stat.useItem.minecraft.rail":3,"stat.drop.minecraft.concrete":1,"stat.pickup.minecraft.dye":1,"stat.pickup.minecraft.planks":1,"stat.flyOneCm":1360738,"stat.pickup.minecraft.concrete":1,"stat.pickup.christmasfestivity.christmas_tree":1,"stat.useItem.ultimate_unicorn_mod.diamond_fools_lance":4,"stat.damageDealt":1016,"stat.mineBlock.cfm.modern_sliding_door":3,"stat.sleepInBed":4,"stat.timeSinceDeath":0,"stat.useItem.minecraft.sign":1,"stat.useItem.cfm.modern_sliding_door":1,"stat.pickup.noel.boots_santa":1,"stat.useItem.noel.hot_chocolate":1,"stat.walkOneCm":529320,"stat.useItem.minecraft.oak_stairs":8,"stat.minecartOneCm":38942,"stat.killEntity.Creeper":2,"stat.pickup.minecraft.log":1,"stat.pickup.usefulbackpacks.backpack":1,"stat.pickup.minecraft.stone":1,"stat.pickup.cfm.modern_sliding_door":4,"stat.sprintOneCm":142951,"stat.useItem.cfm.light_switch_off":14,"stat.useItem.minecraft.tallgrass":4,"stat.pickup.minecraft.acacia_door":2,"stat.useItem.minecraft.iron_sword":3,"stat.useItem.minecraft.snowball":460,"stat.killEntity.Spider":2,"stat.mobKills":5,"stat.useItem.minecraft.dye":83,"stat.useItem.carryon.entity_item":2,"stat.deaths":1,"stat.useItem.noel.light_string":2,"stat.drop":4,"stat.playOneMinute":284489,"stat.pickup.minecraft.torch":1,"stat.useItem.noel.warm_milk":1,"stat.sneakTime":6620,"stat.pickup.cfm.light_switch_off":2,"stat.pickup.minecraft.snowball":12}